{"entry_point": ["walk.py", ["-l", "14400", "neurosynorbium000", "neuroo_bicaudatus_ignis000"], ["-c", "NCA"], ["-l", "14400", "neurosynorbium000", "neuroo_bicaudatus_ignis000"], ["-c", "NCA"], ["-g", "neurosingle_glider000"], ["-l", "14400", "neurosynorbium000", "neuroo_bicaudatus_ignis000"], ["-c", "NCA"], ["-g", "neurosingle_glider000"], ["-l", "14400", "neurosynorbium000", "neuroo_bicaudatus_ignis000"], ["-c", "NCA"], ["-g", "neurosingle_glider000"], ["-l", "14400", "neurosynorbium000", "neuroo_bicaudatus_ignis000"], ["-c", "NCA"], ["-g", "neurosingle_glider000"], ["-l", "14400", "neurosynorbium000", "neuroo_bicaudatus_ignis000"], ["-s", "0", "111"], ["-c", "NCA"], ["-g", "neurosingle_glider000"], ["-l", "14400", "neurosynorbium000", "neuroo_bicaudatus_ignis000"], ["-m", "1024"], ["-s", "0", "111"], ["-c", "NCA"], ["-d", "cuda"], ["-g", "neurosingle_glider000"], ["-l", "14400", "neurosynorbium000", "neuroo_bicaudatus_ignis000"], ["-m", "1024"], ["-s", "0", "111"], ["-c", "NCA"], ["-d", "cuda"], ["-g", "neurosingle_glider000"], ["-k", "3"], ["-l", "14400", "neurosynorbium000", "neuroo_bicaudatus_ignis000"], ["-m", "1024"], ["-s", "0", "111"], ["-c", "NCA"], ["-d", "cuda"], ["-g", "neurosingle_glider000"], ["-k", "3"], ["-l", "14400", "neurosynorbium000", "neuroo_bicaudatus_ignis000"], ["-m", "1024"], ["-s", "0", "111"]], "git_hash": "2a1420c21483af719f7e741f4090563ed521a146\n", "time_limit": 14400, "random_seed": 42, "system_type": "NCA", "epsilon": 0.8, "device": "cuda", "max_dt": 1.0, "min_dt": 0.001, "max_kr": 111, "min_kr": 3, "max_scale_dt": 0.25, "min_scale_dt": 0.001, "max_scale_kr": 27.75, "min_scale_kr": 1, "numerical_precision": [16, 32, 64], "glider_pattern": "neurosingle_glider000", "max_steps": 1024, "wall_time": 14402.632626056671, "results_file": "results/exp_1687632498404/results_neurosingle_glider000.npy"}