{"entry_point": ["walk.py", ["-l", "7200", "gol_small_spaceship000", "gol_medium_spaceship000", "gol_large_spaceship000"], ["-c", "CCA"], ["-l", "7200", "gol_small_spaceship000", "gol_medium_spaceship000", "gol_large_spaceship000"], ["-c", "CCA"], ["-g", "gol_reflex_glider000"], ["-l", "7200", "gol_small_spaceship000", "gol_medium_spaceship000", "gol_large_spaceship000"], ["-c", "CCA"], ["-g", "gol_reflex_glider000"], ["-l", "7200", "gol_small_spaceship000", "gol_medium_spaceship000", "gol_large_spaceship000"], ["-c", "CCA"], ["-g", "gol_reflex_glider000"], ["-l", "7200", "gol_small_spaceship000", "gol_medium_spaceship000", "gol_large_spaceship000"], ["-c", "CCA"], ["-g", "gol_reflex_glider000"], ["-l", "7200", "gol_small_spaceship000", "gol_medium_spaceship000", "gol_large_spaceship000"], ["-c", "CCA"], ["-g", "gol_reflex_glider000"], ["-l", "7200", "gol_small_spaceship000", "gol_medium_spaceship000", "gol_large_spaceship000"], ["-s", "0", "31"], ["-c", "CCA"], ["-g", "gol_reflex_glider000"], ["-l", "7200", "gol_small_spaceship000", "gol_medium_spaceship000", "gol_large_spaceship000"], ["-m", "1024"], ["-s", "0", "31"], ["-c", "CCA"], ["-d", "cuda"], ["-g", "gol_reflex_glider000"], ["-l", "7200", "gol_small_spaceship000", "gol_medium_spaceship000", "gol_large_spaceship000"], ["-m", "1024"], ["-s", "0", "31"], ["-c", "CCA"], ["-d", "cuda"], ["-g", "gol_reflex_glider000"], ["-k", "1"], ["-l", "7200", "gol_small_spaceship000", "gol_medium_spaceship000", "gol_large_spaceship000"], ["-m", "1024"], ["-s", "0", "31"], ["-c", "CCA"], ["-d", "cuda"], ["-g", "gol_reflex_glider000"], ["-k", "1"], ["-l", "7200", "gol_small_spaceship000", "gol_medium_spaceship000", "gol_large_spaceship000"], ["-m", "1024"], ["-s", "0", "31"]], "git_hash": "a1521ee96ddff59309191ea4bd1352473918b5bb\n", "time_limit": 7200, "random_seed": 42, "system_type": "CCA", "epsilon": 0.8, "device": "cuda", "max_dt": 1.0, "min_dt": 0.001, "max_kr": 31, "min_kr": 1, "max_scale_dt": 0.25, "min_scale_dt": 0.001, "max_scale_kr": 7.75, "min_scale_kr": 1, "numerical_precision": [16, 32, 64], "glider_pattern": "gol_reflex_glider000", "max_steps": 1024, "wall_time": 7200.345534324646, "results_file": "results/exp_1688008554524/results_gol_reflex_glider000.npy"}