{"entry_point": ["walk.py", ["-l", "7200", "s613_s613_frog000", "s643_s643_frog000", "s613_fast_wobble_glider000", "s643_s643_3wide_wobble_glider000"], ["-c", "CCA"], ["-l", "7200", "s613_s613_frog000", "s643_s643_frog000", "s613_fast_wobble_glider000", "s643_s643_3wide_wobble_glider000"], ["-c", "CCA"], ["-g", "s11_config_evolved_ca_slow_glider000"], ["-l", "7200", "s613_s613_frog000", "s643_s643_frog000", "s613_fast_wobble_glider000", "s643_s643_3wide_wobble_glider000"], ["-c", "CCA"], ["-g", "s11_config_evolved_ca_slow_glider000"], ["-l", "7200", "s613_s613_frog000", "s643_s643_frog000", "s613_fast_wobble_glider000", "s643_s643_3wide_wobble_glider000"], ["-c", "CCA"], ["-g", "s11_config_evolved_ca_slow_glider000"], ["-l", "7200", "s613_s613_frog000", "s643_s643_frog000", "s613_fast_wobble_glider000", "s643_s643_3wide_wobble_glider000"], ["-c", "CCA"], ["-g", "s11_config_evolved_ca_slow_glider000"], ["-l", "7200", "s613_s613_frog000", "s643_s643_frog000", "s613_fast_wobble_glider000", "s643_s643_3wide_wobble_glider000"], ["-c", "CCA"], ["-g", "s11_config_evolved_ca_slow_glider000"], ["-l", "7200", "s613_s613_frog000", "s643_s643_frog000", "s613_fast_wobble_glider000", "s643_s643_3wide_wobble_glider000"], ["-c", "CCA"], ["-g", "s11_config_evolved_ca_slow_glider000"], ["-l", "7200", "s613_s613_frog000", "s643_s643_frog000", "s613_fast_wobble_glider000", "s643_s643_3wide_wobble_glider000"], ["-s", "1"], ["-c", "CCA"], ["-g", "s11_config_evolved_ca_slow_glider000"], ["-l", "7200", "s613_s613_frog000", "s643_s643_frog000", "s613_fast_wobble_glider000", "s643_s643_3wide_wobble_glider000"], ["-m", "4096"], ["-s", "1"], ["-c", "CCA"], ["-d", "cuda"], ["-g", "s11_config_evolved_ca_slow_glider000"], ["-l", "7200", "s613_s613_frog000", "s643_s643_frog000", "s613_fast_wobble_glider000", "s643_s643_3wide_wobble_glider000"], ["-m", "4096"], ["-s", "1"], ["-c", "CCA"], ["-d", "cuda"], ["-g", "s11_config_evolved_ca_slow_glider000"], ["-l", "7200", "s613_s613_frog000", "s643_s643_frog000", "s613_fast_wobble_glider000", "s643_s643_3wide_wobble_glider000"], ["-m", "4096"], ["-s", "1"], ["-x", "0.001", "0.015"], ["-c", "CCA"], ["-d", "cuda"], ["-g", "s11_config_evolved_ca_slow_glider000"], ["-l", "7200", "s613_s613_frog000", "s643_s643_frog000", "s613_fast_wobble_glider000", "s643_s643_3wide_wobble_glider000"], ["-m", "4096"], ["-s", "1"], ["-x", "0.001", "0.015"], ["-c", "CCA"], ["-d", "cuda"], ["-g", "s11_config_evolved_ca_slow_glider000"], ["-l", "7200", "s613_s613_frog000", "s643_s643_frog000", "s613_fast_wobble_glider000", "s643_s643_3wide_wobble_glider000"], ["-m", "4096"], ["-s", "1"], ["-x", "0.001", "0.015"], ["-y", "a8f88c459999e23a3fabc8c8ffa3f27b4173a13b", "31"], ["--gain_limits", "0.30"], ["-c", "CCA"], ["-d", "cuda"], ["-g", "s11_config_evolved_ca_slow_glider000"], ["-l", "7200", "s613_s613_frog000", "s643_s643_frog000", "s613_fast_wobble_glider000", "s643_s643_3wide_wobble_glider000"], ["-m", "4096"], ["-s", "1"], ["-x", "0.001", "0.015"], ["-y", "a8f88c459999e23a3fabc8c8ffa3f27b4173a13b", "31"], ["--gain_limits", "0.30"], ["-c", "CCA"], ["-d", "cuda"], ["-g", "s11_config_evolved_ca_slow_glider000"], ["-k", "1"], ["-l", "7200", "s613_s613_frog000", "s643_s643_frog000", "s613_fast_wobble_glider000", "s643_s643_3wide_wobble_glider000"], ["-m", "4096"], ["-s", "1"], ["-x", "0.001", "0.015"], ["-y", "a8f88c459999e23a3fabc8c8ffa3f27b4173a13b", "31"], ["--gain_limits", "0.30"], ["-c", "CCA"], ["-d", "cuda"], ["-g", "s11_config_evolved_ca_slow_glider000"], ["-k", "1"], ["-l", "7200", "s613_s613_frog000", "s643_s643_frog000", "s613_fast_wobble_glider000", "s643_s643_3wide_wobble_glider000"], ["-m", "4096"], ["-s", "1"], ["-x", "0.001", "0.015"], ["-y", "a8f88c459999e23a3fabc8c8ffa3f27b4173a13b", "31"]], "git_hash": "53809de1ced462f4b6bc517e388f5ec116c43901\n", "simulator_hash": "a8f88c459999e23a3fabc8c8ffa3f27b4173a13b", "time_limit": 7200, "random_seed": 42, "system_type": "CCA", "epsilon": 0.8, "device": "cuda", "max_dt": 1.0, "min_dt": 0.001, "max_dx": 0.015, "min_dx": 0.001, "max_kr": 31, "min_kr": 1, "max_scale_dt": 0.25, "min_scale_dt": 0.02, "max_scale_kr": 7.75, "min_scale_kr": 1, "numerical_precision": [16, 32, 64], "glider_pattern": "s643_s643_3wide_wobble_glider000", "max_steps": 4096, "wall_time": 7200.715784072876, "results_file": "results/exp_bae3e60e_bbb6_4e98_af14_8b85954fc36e_CCA_s643_s643_3wide_wobble_glider000/results_s643_s643_3wide_wobble_glider000.npy"}