{"entry_point": ["walk.py", ["-l", "7200"], ["-c", "NCA"], ["-l", "7200"], ["-c", "NCA"], ["-g", "neurowobble_glider000"], ["-l", "7200"], ["-c", "NCA"], ["-g", "neurowobble_glider000"], ["-l", "7200"], ["-s", "0", "111"], ["-c", "NCA"], ["-g", "neurowobble_glider000"], ["-l", "7200"], ["-m", "1024"], ["-s", "0", "111"], ["-c", "NCA"], ["-d", "cuda"], ["-g", "neurowobble_glider000"], ["-l", "7200"], ["-m", "1024"], ["-s", "0", "111"], ["-c", "NCA"], ["-d", "cuda"], ["-g", "neurowobble_glider000"], ["-k", "1"], ["-l", "7200"], ["-m", "1024"], ["-s", "0", "111"], ["-c", "NCA"], ["-d", "cuda"], ["-g", "neurowobble_glider000"], ["-k", "1"], ["-l", "7200"], ["-m", "1024"], ["-s", "0", "111"]], "git_hash": "de9d5813505d4f4be67f4875d42e174be20a7b9c\n", "time_limit": 7200, "random_seed": 42, "system_type": "NCA", "epsilon": 0.8, "device": "cuda", "max_dt": 1.0, "min_dt": 0.001, "max_kr": 111, "min_kr": 1, "max_scale_dt": 0.25, "min_scale_dt": 0.001, "max_scale_kr": 27.75, "min_scale_kr": 1, "numerical_precision": [16, 32, 64], "glider_pattern": "neurowobble_glider000", "max_steps": 1024, "wall_time": 7214.633126497269, "results_file": "results/exp_1688626056754/results_neurowobble_glider000.npy"}