{"entry_point": ["walk.py", ["-l", "3600", "gol_reflex_glider000", "gol_small_spaceship000"], ["-c", "CCA"], ["-l", "3600", "gol_reflex_glider000", "gol_small_spaceship000"], ["-c", "CCA"], ["-g", "gol_25P3H1V0_1000"], ["-l", "3600", "gol_reflex_glider000", "gol_small_spaceship000"], ["-c", "CCA"], ["-g", "gol_25P3H1V0_1000"], ["-l", "3600", "gol_reflex_glider000", "gol_small_spaceship000"], ["-c", "CCA"], ["-g", "gol_25P3H1V0_1000"], ["-l", "3600", "gol_reflex_glider000", "gol_small_spaceship000"], ["-c", "CCA"], ["-g", "gol_25P3H1V0_1000"], ["-l", "3600", "gol_reflex_glider000", "gol_small_spaceship000"], ["-s", "1"], ["-c", "CCA"], ["-g", "gol_25P3H1V0_1000"], ["-l", "3600", "gol_reflex_glider000", "gol_small_spaceship000"], ["-m", "4096"], ["-s", "1"], ["-c", "CCA"], ["-d", "cuda"], ["-g", "gol_25P3H1V0_1000"], ["-l", "3600", "gol_reflex_glider000", "gol_small_spaceship000"], ["-m", "4096"], ["-s", "1"], ["-c", "CCA"], ["-d", "cuda"], ["-g", "gol_25P3H1V0_1000"], ["-l", "3600", "gol_reflex_glider000", "gol_small_spaceship000"], ["-m", "4096"], ["-s", "1"], ["-x", "0.001", "0.015"], ["-c", "CCA"], ["-d", "cuda"], ["-g", "gol_25P3H1V0_1000"], ["-l", "3600", "gol_reflex_glider000", "gol_small_spaceship000"], ["-m", "4096"], ["-s", "1"], ["-x", "0.001", "0.015"], ["-c", "CCA"], ["-d", "cuda"], ["-g", "gol_25P3H1V0_1000"], ["-l", "3600", "gol_reflex_glider000", "gol_small_spaceship000"], ["-m", "4096"], ["-s", "1"], ["-x", "0.001", "0.015"], ["-y", "a8f88c459999e23a3fabc8c8ffa3f27b4173a13b", "31"], ["--gain_limits", "0.30"], ["-c", "CCA"], ["-d", "cuda"], ["-g", "gol_25P3H1V0_1000"], ["-l", "3600", "gol_reflex_glider000", "gol_small_spaceship000"], ["-m", "4096"], ["-s", "1"], ["-x", "0.001", "0.015"], ["-y", "a8f88c459999e23a3fabc8c8ffa3f27b4173a13b", "31"], ["--gain_limits", "0.30"], ["-c", "CCA"], ["-d", "cuda"], ["-g", "gol_25P3H1V0_1000"], ["-k", "1"], ["-l", "3600", "gol_reflex_glider000", "gol_small_spaceship000"], ["-m", "4096"], ["-s", "1"], ["-x", "0.001", "0.015"], ["-y", "a8f88c459999e23a3fabc8c8ffa3f27b4173a13b", "31"], ["--gain_limits", "0.30"], ["-c", "CCA"], ["-d", "cuda"], ["-g", "gol_25P3H1V0_1000"], ["-k", "1"], ["-l", "3600", "gol_reflex_glider000", "gol_small_spaceship000"], ["-m", "4096"], ["-s", "1"], ["-x", "0.001", "0.015"], ["-y", "a8f88c459999e23a3fabc8c8ffa3f27b4173a13b", "31"]], "git_hash": "53809de1ced462f4b6bc517e388f5ec116c43901\n", "simulator_hash": "a8f88c459999e23a3fabc8c8ffa3f27b4173a13b", "time_limit": 3600, "random_seed": 42, "system_type": "CCA", "epsilon": 0.8, "device": "cuda", "max_dt": 1.0, "min_dt": 0.001, "max_dx": 0.015, "min_dx": 0.001, "max_kr": 31, "min_kr": 1, "max_scale_dt": 0.25, "min_scale_dt": 0.02, "max_scale_kr": 7.75, "min_scale_kr": 1, "numerical_precision": [16, 32, 64], "glider_pattern": "gol_reflex_glider000", "max_steps": 4096, "wall_time": 3602.2148430347443, "results_file": "results/exp_fcd74c3e_7e65_4826_9739_7e9f6eaaab8d_CCA_gol_reflex_glider000/results_gol_reflex_glider000.npy"}