{"entry_point": ["walk.py", ["-l", "7200", "s643_s643_3wide_wobble_glider000", "geminium2_wobble_glider000"], ["-c", "CCA"], ["-l", "7200", "s643_s643_3wide_wobble_glider000", "geminium2_wobble_glider000"], ["-c", "CCA"], ["-g", "s613_fast_wobble_glider000"], ["-l", "7200", "s643_s643_3wide_wobble_glider000", "geminium2_wobble_glider000"], ["-c", "CCA"], ["-g", "s613_fast_wobble_glider000"], ["-l", "7200", "s643_s643_3wide_wobble_glider000", "geminium2_wobble_glider000"], ["-c", "CCA"], ["-g", "s613_fast_wobble_glider000"], ["-l", "7200", "s643_s643_3wide_wobble_glider000", "geminium2_wobble_glider000"], ["-c", "CCA"], ["-g", "s613_fast_wobble_glider000"], ["-l", "7200", "s643_s643_3wide_wobble_glider000", "geminium2_wobble_glider000"], ["-s", "0", "111"], ["-c", "CCA"], ["-g", "s613_fast_wobble_glider000"], ["-l", "7200", "s643_s643_3wide_wobble_glider000", "geminium2_wobble_glider000"], ["-m", "1024"], ["-s", "0", "111"], ["-c", "CCA"], ["-d", "cuda"], ["-g", "s613_fast_wobble_glider000"], ["-l", "7200", "s643_s643_3wide_wobble_glider000", "geminium2_wobble_glider000"], ["-m", "1024"], ["-s", "0", "111"], ["-c", "CCA"], ["-d", "cuda"], ["-g", "s613_fast_wobble_glider000"], ["-k", "1"], ["-l", "7200", "s643_s643_3wide_wobble_glider000", "geminium2_wobble_glider000"], ["-m", "1024"], ["-s", "0", "111"], ["-c", "CCA"], ["-d", "cuda"], ["-g", "s613_fast_wobble_glider000"], ["-k", "1"], ["-l", "7200", "s643_s643_3wide_wobble_glider000", "geminium2_wobble_glider000"], ["-m", "1024"], ["-s", "0", "111"]], "git_hash": "de9d5813505d4f4be67f4875d42e174be20a7b9c\n", "time_limit": 7200, "random_seed": 42, "system_type": "CCA", "epsilon": 0.8, "device": "cuda", "max_dt": 1.0, "min_dt": 0.001, "max_kr": 111, "min_kr": 1, "max_scale_dt": 0.25, "min_scale_dt": 0.001, "max_scale_kr": 27.75, "min_scale_kr": 1, "numerical_precision": [16, 32, 64], "glider_pattern": "s643_s643_3wide_wobble_glider000", "max_steps": 1024, "wall_time": 7200.769114971161, "results_file": "results/exp_1688611645783/results_s643_s643_3wide_wobble_glider000.npy"}