{"entry_point": ["walk.py", ["-l", "14400", "uskate_daedalus001", "uskate_berrycup001"], ["-c", "RxnDfn"], ["-l", "14400", "uskate_daedalus001", "uskate_berrycup001"], ["-c", "RxnDfn"], ["-g", "uskate_glider001"], ["-l", "14400", "uskate_daedalus001", "uskate_berrycup001"], ["-c", "RxnDfn"], ["-g", "uskate_glider001"], ["-l", "14400", "uskate_daedalus001", "uskate_berrycup001"], ["-c", "RxnDfn"], ["-g", "uskate_glider001"], ["-l", "14400", "uskate_daedalus001", "uskate_berrycup001"], ["-c", "RxnDfn"], ["-g", "uskate_glider001"], ["-l", "14400", "uskate_daedalus001", "uskate_berrycup001"], ["-s", "0"], ["-c", "RxnDfn"], ["-g", "uskate_glider001"], ["-l", "14400", "uskate_daedalus001", "uskate_berrycup001"], ["-m", "131072"], ["-s", "0"], ["-c", "RxnDfn"], ["-d", "cuda"], ["-g", "uskate_glider001"], ["-l", "14400", "uskate_daedalus001", "uskate_berrycup001"], ["-m", "131072"], ["-s", "0"], ["-c", "RxnDfn"], ["-d", "cuda"], ["-g", "uskate_glider001"], ["-l", "14400", "uskate_daedalus001", "uskate_berrycup001"], ["-m", "131072"], ["-s", "0"], ["-x", "0.001", "0.015"], ["-c", "RxnDfn"], ["-d", "cuda"], ["-g", "uskate_glider001"], ["-l", "14400", "uskate_daedalus001", "uskate_berrycup001"], ["-m", "131072"], ["-s", "0"], ["-x", "0.001", "0.015"], ["-c", "RxnDfn"], ["-d", "cuda"], ["-g", "uskate_glider001"], ["-l", "14400", "uskate_daedalus001", "uskate_berrycup001"], ["-m", "131072"], ["-s", "0"], ["-x", "0.001", "0.015"], ["-y", "a8f88c459999e23a3fabc8c8ffa3f27b4173a13b", "5.0", "1"], ["--correlation_limits", "0.8"], ["-c", "RxnDfn"], ["-d", "cuda"], ["-g", "uskate_glider001"], ["-l", "14400", "uskate_daedalus001", "uskate_berrycup001"], ["-m", "131072"], ["-s", "0"], ["-x", "0.001", "0.015"], ["-y", "a8f88c459999e23a3fabc8c8ffa3f27b4173a13b", "5.0", "1"], ["--correlation_limits", "0.8"], ["-c", "RxnDfn"], ["-d", "cuda"], ["-g", "uskate_glider001"], ["-l", "14400", "uskate_daedalus001", "uskate_berrycup001"], ["-m", "131072"], ["-s", "0"], ["-x", "0.001", "0.015"], ["-y", "a8f88c459999e23a3fabc8c8ffa3f27b4173a13b", "5.0", "1"], ["--correlation_limits", "0.8"], ["-c", "RxnDfn"], ["-d", "cuda"], ["-g", "uskate_glider001"], ["-l", "14400", "uskate_daedalus001", "uskate_berrycup001"], ["-m", "131072"], ["-r", "13"], ["-s", "0"], ["-x", "0.001", "0.015"], ["-y", "a8f88c459999e23a3fabc8c8ffa3f27b4173a13b", "5.0", "1"], ["--correlation_limits", "0.8"], ["-c", "RxnDfn"], ["-d", "cuda"], ["-g", "uskate_glider001"], ["-k", "1"], ["-l", "14400", "uskate_daedalus001", "uskate_berrycup001"], ["-m", "131072"], ["-r", "13"], ["-s", "0"], ["-x", "0.001", "0.015"], ["-y", "a8f88c459999e23a3fabc8c8ffa3f27b4173a13b", "5.0", "1"], ["--correlation_limits", "0.8"], ["-c", "RxnDfn"], ["-d", "cuda"], ["-g", "uskate_glider001"], ["-k", "1"], ["-l", "14400", "uskate_daedalus001", "uskate_berrycup001"], ["-m", "131072"], ["-r", "13"], ["-s", "0"], ["-x", "0.001", "0.015"], ["-y", "a8f88c459999e23a3fabc8c8ffa3f27b4173a13b", "5.0", "1"]], "git_hash": "0735516cccdf725968996395df4d1c063c770e62\n", "simulator_hash": "a8f88c459999e23a3fabc8c8ffa3f27b4173a13b", "time_limit": 14400, "random_seed": 13, "system_type": "RxnDfn", "epsilon": 0.8, "device": "cuda", "max_dt": 1.0, "min_dt": 0.001, "max_dx": 0.015, "min_dx": 0.001, "max_kr": 1, "min_kr": 1, "max_scale_dt": 0.25, "min_scale_dt": 0.02, "max_scale_kr": 0.25, "min_scale_kr": 1, "numerical_precision": [16, 32, 64], "glider_pattern": "uskate_berrycup001", "max_steps": 131072, "wall_time": 14485.430932998657, "results_file": "results/exp_01e7e049_b1c5_4628_a7e6_c0b0998d0f0e_RxnDfn_uskate_berrycup001/results_uskate_berrycup001.npy"}