{"entry_point": ["walk.py", ["-l", "7200", "s613_s613_frog000", "s643_s643_frog000", "s613_fast_wobble_glider000", "s643_s643_3wide_wobble_glider000"], ["-c", "CCA"], ["-l", "7200", "s613_s613_frog000", "s643_s643_frog000", "s613_fast_wobble_glider000", "s643_s643_3wide_wobble_glider000"], ["-c", "CCA"], ["-g", "s11_config_evolved_ca_slow_glider000"], ["-l", "7200", "s613_s613_frog000", "s643_s643_frog000", "s613_fast_wobble_glider000", "s643_s643_3wide_wobble_glider000"], ["-c", "CCA"], ["-g", "s11_config_evolved_ca_slow_glider000"], ["-l", "7200", "s613_s613_frog000", "s643_s643_frog000", "s613_fast_wobble_glider000", "s643_s643_3wide_wobble_glider000"], ["-c", "CCA"], ["-g", "s11_config_evolved_ca_slow_glider000"], ["-l", "7200", "s613_s613_frog000", "s643_s643_frog000", "s613_fast_wobble_glider000", "s643_s643_3wide_wobble_glider000"], ["-c", "CCA"], ["-g", "s11_config_evolved_ca_slow_glider000"], ["-l", "7200", "s613_s613_frog000", "s643_s643_frog000", "s613_fast_wobble_glider000", "s643_s643_3wide_wobble_glider000"], ["-c", "CCA"], ["-g", "s11_config_evolved_ca_slow_glider000"], ["-l", "7200", "s613_s613_frog000", "s643_s643_frog000", "s613_fast_wobble_glider000", "s643_s643_3wide_wobble_glider000"], ["-c", "CCA"], ["-g", "s11_config_evolved_ca_slow_glider000"], ["-l", "7200", "s613_s613_frog000", "s643_s643_frog000", "s613_fast_wobble_glider000", "s643_s643_3wide_wobble_glider000"], ["-s", "1"], ["-c", "CCA"], ["-g", "s11_config_evolved_ca_slow_glider000"], ["-l", "7200", "s613_s613_frog000", "s643_s643_frog000", "s613_fast_wobble_glider000", "s643_s643_3wide_wobble_glider000"], ["-m", "4096"], ["-s", "1"], ["-c", "CCA"], ["-d", "cuda"], ["-g", "s11_config_evolved_ca_slow_glider000"], ["-l", "7200", "s613_s613_frog000", "s643_s643_frog000", "s613_fast_wobble_glider000", "s643_s643_3wide_wobble_glider000"], ["-m", "4096"], ["-s", "1"], ["-c", "CCA"], ["-d", "cuda"], ["-g", "s11_config_evolved_ca_slow_glider000"], ["-l", "7200", "s613_s613_frog000", "s643_s643_frog000", "s613_fast_wobble_glider000", "s643_s643_3wide_wobble_glider000"], ["-m", "4096"], ["-s", "1"], ["-x", "0.01"], ["-c", "CCA"], ["-d", "cuda"], ["-g", "s11_config_evolved_ca_slow_glider000"], ["-l", "7200", "s613_s613_frog000", "s643_s643_frog000", "s613_fast_wobble_glider000", "s643_s643_3wide_wobble_glider000"], ["-m", "4096"], ["-s", "1"], ["-x", "0.01"], ["-y", "a8f88c459999e23a3fabc8c8ffa3f27b4173a13b", "101"], ["--gain_limits", "0.30"], ["-c", "CCA"], ["-d", "cuda"], ["-g", "s11_config_evolved_ca_slow_glider000"], ["-l", "7200", "s613_s613_frog000", "s643_s643_frog000", "s613_fast_wobble_glider000", "s643_s643_3wide_wobble_glider000"], ["-m", "4096"], ["-s", "1"], ["-x", "0.01"], ["-y", "a8f88c459999e23a3fabc8c8ffa3f27b4173a13b", "101"], ["--gain_limits", "0.30"], ["-c", "CCA"], ["-d", "cuda"], ["-g", "s11_config_evolved_ca_slow_glider000"], ["-k", "1"], ["-l", "7200", "s613_s613_frog000", "s643_s643_frog000", "s613_fast_wobble_glider000", "s643_s643_3wide_wobble_glider000"], ["-m", "4096"], ["-s", "1"], ["-x", "0.01"], ["-y", "a8f88c459999e23a3fabc8c8ffa3f27b4173a13b", "101"], ["--gain_limits", "0.30"], ["-c", "CCA"], ["-d", "cuda"], ["-g", "s11_config_evolved_ca_slow_glider000"], ["-k", "1"], ["-l", "7200", "s613_s613_frog000", "s643_s643_frog000", "s613_fast_wobble_glider000", "s643_s643_3wide_wobble_glider000"], ["-m", "4096"], ["-s", "1"], ["-x", "0.01"], ["-y", "a8f88c459999e23a3fabc8c8ffa3f27b4173a13b", "101"]], "git_hash": "0735516cccdf725968996395df4d1c063c770e62\n", "simulator_hash": "a8f88c459999e23a3fabc8c8ffa3f27b4173a13b", "time_limit": 7200, "random_seed": 42, "system_type": "CCA", "epsilon": 0.8, "device": "cuda", "max_dt": 1.0, "min_dt": 0.001, "max_dx": 0.01, "min_dx": 0.01, "max_kr": 101, "min_kr": 1, "max_scale_dt": 0.25, "min_scale_dt": 0.02, "max_scale_kr": 25.25, "min_scale_kr": 1, "numerical_precision": [16, 32, 64], "glider_pattern": "s643_s643_frog000", "max_steps": 4096, "wall_time": 7261.442998170853, "results_file": "results/exp_8444c4cc_8229_493d_af2b_11e26036784b_CCA_s643_s643_frog000/results_s643_s643_frog000.npy"}