{"entry_point": ["walk.py", ["-l", "14400", "uskate_daedalus001", "uskate_berrycup001"], ["-c", "RxnDfn"], ["-l", "14400", "uskate_daedalus001", "uskate_berrycup001"], ["-c", "RxnDfn"], ["-g", "uskate_glider001"], ["-l", "14400", "uskate_daedalus001", "uskate_berrycup001"], ["-c", "RxnDfn"], ["-g", "uskate_glider001"], ["-l", "14400", "uskate_daedalus001", "uskate_berrycup001"], ["-c", "RxnDfn"], ["-g", "uskate_glider001"], ["-l", "14400", "uskate_daedalus001", "uskate_berrycup001"], ["-c", "RxnDfn"], ["-g", "uskate_glider001"], ["-l", "14400", "uskate_daedalus001", "uskate_berrycup001"], ["-s", "1"], ["-c", "RxnDfn"], ["-g", "uskate_glider001"], ["-l", "14400", "uskate_daedalus001", "uskate_berrycup001"], ["-m", "65536"], ["-s", "1"], ["-c", "RxnDfn"], ["-d", "cuda"], ["-g", "uskate_glider001"], ["-l", "14400", "uskate_daedalus001", "uskate_berrycup001"], ["-m", "65536"], ["-s", "1"], ["-c", "RxnDfn"], ["-d", "cuda"], ["-g", "uskate_glider001"], ["-l", "14400", "uskate_daedalus001", "uskate_berrycup001"], ["-m", "65536"], ["-s", "1"], ["-x", "0.0033", "0.0033"], ["-c", "RxnDfn"], ["-d", "cuda"], ["-g", "uskate_glider001"], ["-l", "14400", "uskate_daedalus001", "uskate_berrycup001"], ["-m", "65536"], ["-s", "1"], ["-x", "0.0033", "0.0033"], ["-c", "RxnDfn"], ["-d", "cuda"], ["-g", "uskate_glider001"], ["-l", "14400", "uskate_daedalus001", "uskate_berrycup001"], ["-m", "65536"], ["-s", "1"], ["-x", "0.0033", "0.0033"], ["-y", "a8f88c459999e23a3fabc8c8ffa3f27b4173a13b", "5.0", "31"], ["--correlation_limits", "0.8"], ["-c", "RxnDfn"], ["-d", "cuda"], ["-g", "uskate_glider001"], ["-l", "14400", "uskate_daedalus001", "uskate_berrycup001"], ["-m", "65536"], ["-s", "1"], ["-x", "0.0033", "0.0033"], ["-y", "a8f88c459999e23a3fabc8c8ffa3f27b4173a13b", "5.0", "31"], ["--correlation_limits", "0.8"], ["-c", "RxnDfn"], ["-d", "cuda"], ["-g", "uskate_glider001"], ["-l", "14400", "uskate_daedalus001", "uskate_berrycup001"], ["-m", "65536"], ["-s", "1"], ["-x", "0.0033", "0.0033"], ["-y", "a8f88c459999e23a3fabc8c8ffa3f27b4173a13b", "5.0", "31"], ["--correlation_limits", "0.8"], ["-c", "RxnDfn"], ["-d", "cuda"], ["-g", "uskate_glider001"], ["-k", "1"], ["-l", "14400", "uskate_daedalus001", "uskate_berrycup001"], ["-m", "65536"], ["-s", "1"], ["-x", "0.0033", "0.0033"], ["-y", "a8f88c459999e23a3fabc8c8ffa3f27b4173a13b", "5.0", "31"], ["--correlation_limits", "0.8"], ["-c", "RxnDfn"], ["-d", "cuda"], ["-g", "uskate_glider001"], ["-k", "1"], ["-l", "14400", "uskate_daedalus001", "uskate_berrycup001"], ["-m", "65536"], ["-s", "1"], ["-x", "0.0033", "0.0033"], ["-y", "a8f88c459999e23a3fabc8c8ffa3f27b4173a13b", "5.0", "31"]], "git_hash": "0735516cccdf725968996395df4d1c063c770e62\n", "simulator_hash": "a8f88c459999e23a3fabc8c8ffa3f27b4173a13b", "time_limit": 14400, "random_seed": 42, "system_type": "RxnDfn", "epsilon": 0.8, "device": "cuda", "max_dt": 1.0, "min_dt": 0.001, "max_dx": 0.0033, "min_dx": 0.0033, "max_kr": 31, "min_kr": 1, "max_scale_dt": 0.25, "min_scale_dt": 0.02, "max_scale_kr": 7.75, "min_scale_kr": 1, "numerical_precision": [16, 32, 64], "glider_pattern": "uskate_daedalus001", "max_steps": 65536, "wall_time": 14822.725945234299, "results_file": "results/exp_009fde74_7d92_4010_b5c9_42305a6276be_RxnDfn_uskate_daedalus001/results_uskate_daedalus001.npy"}