{"entry_point": ["walk.py", ["-l", "14400", "uskate_daedalus001", "uskate_berrycup001"], ["-c", "RxnDfn"], ["-l", "14400", "uskate_daedalus001", "uskate_berrycup001"], ["-c", "RxnDfn"], ["-g", "uskate_glider001"], ["-l", "14400", "uskate_daedalus001", "uskate_berrycup001"], ["-c", "RxnDfn"], ["-g", "uskate_glider001"], ["-l", "14400", "uskate_daedalus001", "uskate_berrycup001"], ["-c", "RxnDfn"], ["-g", "uskate_glider001"], ["-l", "14400", "uskate_daedalus001", "uskate_berrycup001"], ["-c", "RxnDfn"], ["-g", "uskate_glider001"], ["-l", "14400", "uskate_daedalus001", "uskate_berrycup001"], ["-s", "1"], ["-c", "RxnDfn"], ["-g", "uskate_glider001"], ["-l", "14400", "uskate_daedalus001", "uskate_berrycup001"], ["-m", "131072"], ["-s", "1"], ["-c", "RxnDfn"], ["-d", "cuda"], ["-g", "uskate_glider001"], ["-l", "14400", "uskate_daedalus001", "uskate_berrycup001"], ["-m", "131072"], ["-s", "1"], ["-c", "RxnDfn"], ["-d", "cuda"], ["-g", "uskate_glider001"], ["-l", "14400", "uskate_daedalus001", "uskate_berrycup001"], ["-m", "131072"], ["-s", "1"], ["-x", "0.001", "0.015"], ["-c", "RxnDfn"], ["-d", "cuda"], ["-g", "uskate_glider001"], ["-l", "14400", "uskate_daedalus001", "uskate_berrycup001"], ["-m", "131072"], ["-s", "1"], ["-x", "0.001", "0.015"], ["-c", "RxnDfn"], ["-d", "cuda"], ["-g", "uskate_glider001"], ["-l", "14400", "uskate_daedalus001", "uskate_berrycup001"], ["-m", "131072"], ["-s", "1"], ["-x", "0.001", "0.015"], ["-y", "a8f88c459999e23a3fabc8c8ffa3f27b4173a13b", "5.0", "1"], ["--correlation_limits", "0.8"], ["-c", "RxnDfn"], ["-d", "cuda"], ["-g", "uskate_glider001"], ["-l", "14400", "uskate_daedalus001", "uskate_berrycup001"], ["-m", "131072"], ["-s", "1"], ["-x", "0.001", "0.015"], ["-y", "a8f88c459999e23a3fabc8c8ffa3f27b4173a13b", "5.0", "1"], ["--correlation_limits", "0.8"], ["-c", "RxnDfn"], ["-d", "cuda"], ["-g", "uskate_glider001"], ["-l", "14400", "uskate_daedalus001", "uskate_berrycup001"], ["-m", "131072"], ["-s", "1"], ["-x", "0.001", "0.015"], ["-y", "a8f88c459999e23a3fabc8c8ffa3f27b4173a13b", "5.0", "1"], ["--correlation_limits", "0.8"], ["-c", "RxnDfn"], ["-d", "cuda"], ["-g", "uskate_glider001"], ["-k", "1"], ["-l", "14400", "uskate_daedalus001", "uskate_berrycup001"], ["-m", "131072"], ["-s", "1"], ["-x", "0.001", "0.015"], ["-y", "a8f88c459999e23a3fabc8c8ffa3f27b4173a13b", "5.0", "1"], ["--correlation_limits", "0.8"], ["-c", "RxnDfn"], ["-d", "cuda"], ["-g", "uskate_glider001"], ["-k", "1"], ["-l", "14400", "uskate_daedalus001", "uskate_berrycup001"], ["-m", "131072"], ["-s", "1"], ["-x", "0.001", "0.015"], ["-y", "a8f88c459999e23a3fabc8c8ffa3f27b4173a13b", "5.0", "1"]], "git_hash": "53809de1ced462f4b6bc517e388f5ec116c43901\n", "simulator_hash": "a8f88c459999e23a3fabc8c8ffa3f27b4173a13b", "time_limit": 14400, "random_seed": 42, "system_type": "RxnDfn", "epsilon": 0.8, "device": "cuda", "max_dt": 1.0, "min_dt": 0.001, "max_dx": 0.015, "min_dx": 0.001, "max_kr": 1, "min_kr": 1, "max_scale_dt": 0.25, "min_scale_dt": 0.02, "max_scale_kr": 0.25, "min_scale_kr": 1, "numerical_precision": [16, 32, 64], "glider_pattern": "uskate_daedalus001", "max_steps": 131072, "wall_time": 14400.273541212082, "results_file": "results/exp_9a45095c_158d_4fa4_89cf_8b4ccd7d24c3_RxnDfn_uskate_daedalus001/results_uskate_daedalus001.npy"}