{"entry_point": ["walk.py", ["-l", "7200", "triscutium_solidus_triscutium000"], ["-c", "CCA"], ["-l", "7200", "triscutium_solidus_triscutium000"], ["-c", "CCA"], ["-g", "smoothlife_single_glider000"], ["-l", "7200", "triscutium_solidus_triscutium000"], ["-c", "CCA"], ["-g", "smoothlife_single_glider000"], ["-l", "7200", "triscutium_solidus_triscutium000"], ["-c", "CCA"], ["-g", "smoothlife_single_glider000"], ["-l", "7200", "triscutium_solidus_triscutium000"], ["-s", "0"], ["-c", "CCA"], ["-g", "smoothlife_single_glider000"], ["-l", "7200", "triscutium_solidus_triscutium000"], ["-m", "4096"], ["-s", "0"], ["-c", "CCA"], ["-d", "cuda"], ["-g", "smoothlife_single_glider000"], ["-l", "7200", "triscutium_solidus_triscutium000"], ["-m", "4096"], ["-s", "0"], ["-c", "CCA"], ["-d", "cuda"], ["-g", "smoothlife_single_glider000"], ["-l", "7200", "triscutium_solidus_triscutium000"], ["-m", "4096"], ["-s", "0"], ["-x", "0.01"], ["-c", "CCA"], ["-d", "cuda"], ["-g", "smoothlife_single_glider000"], ["-l", "7200", "triscutium_solidus_triscutium000"], ["-m", "4096"], ["-s", "0"], ["-x", "0.01"], ["-y", "a8f88c459999e23a3fabc8c8ffa3f27b4173a13b", "101"], ["--gain_limits", "0.30"], ["-c", "CCA"], ["-d", "cuda"], ["-g", "smoothlife_single_glider000"], ["-l", "7200", "triscutium_solidus_triscutium000"], ["-m", "4096"], ["-s", "0"], ["-x", "0.01"], ["-y", "a8f88c459999e23a3fabc8c8ffa3f27b4173a13b", "101"], ["--gain_limits", "0.30"], ["-c", "CCA"], ["-d", "cuda"], ["-g", "smoothlife_single_glider000"], ["-l", "7200", "triscutium_solidus_triscutium000"], ["-m", "4096"], ["-r", "13"], ["-s", "0"], ["-x", "0.01"], ["-y", "a8f88c459999e23a3fabc8c8ffa3f27b4173a13b", "101"], ["--gain_limits", "0.30"], ["-c", "CCA"], ["-d", "cuda"], ["-g", "smoothlife_single_glider000"], ["-k", "1"], ["-l", "7200", "triscutium_solidus_triscutium000"], ["-m", "4096"], ["-r", "13"], ["-s", "0"], ["-x", "0.01"], ["-y", "a8f88c459999e23a3fabc8c8ffa3f27b4173a13b", "101"], ["--gain_limits", "0.30"], ["-c", "CCA"], ["-d", "cuda"], ["-g", "smoothlife_single_glider000"], ["-k", "1"], ["-l", "7200", "triscutium_solidus_triscutium000"], ["-m", "4096"], ["-r", "13"], ["-s", "0"], ["-x", "0.01"], ["-y", "a8f88c459999e23a3fabc8c8ffa3f27b4173a13b", "101"]], "git_hash": "0735516cccdf725968996395df4d1c063c770e62\n", "simulator_hash": "a8f88c459999e23a3fabc8c8ffa3f27b4173a13b", "time_limit": 7200, "random_seed": 13, "system_type": "CCA", "epsilon": 0.8, "device": "cuda", "max_dt": 1.0, "min_dt": 0.001, "max_dx": 0.01, "min_dx": 0.01, "max_kr": 101, "min_kr": 1, "max_scale_dt": 0.25, "min_scale_dt": 0.02, "max_scale_kr": 25.25, "min_scale_kr": 1, "numerical_precision": [16, 32, 64], "glider_pattern": "triscutium_solidus_triscutium000", "max_steps": 4096, "wall_time": 7249.059119462967, "results_file": "results/exp_da8357c3_5c1b_42c0_be11_adeada0ae7b5_CCA_triscutium_solidus_triscutium000/results_triscutium_solidus_triscutium000.npy"}