{"entry_point": ["walk.py", ["-l", "7200"], ["-c", "CCA"], ["-l", "7200"], ["-c", "CCA"], ["-g", "smoothlife_single_glider000"], ["-l", "7200"], ["-c", "CCA"], ["-g", "smoothlife_single_glider000"], ["-l", "7200"], ["-s", "1"], ["-c", "CCA"], ["-g", "smoothlife_single_glider000"], ["-l", "7200"], ["-m", "4096"], ["-s", "1"], ["-c", "CCA"], ["-d", "cuda"], ["-g", "smoothlife_single_glider000"], ["-l", "7200"], ["-m", "4096"], ["-s", "1"], ["-c", "CCA"], ["-d", "cuda"], ["-g", "smoothlife_single_glider000"], ["-l", "7200"], ["-m", "4096"], ["-s", "1"], ["-x", "0.001", "0.015"], ["-c", "CCA"], ["-d", "cuda"], ["-g", "smoothlife_single_glider000"], ["-l", "7200"], ["-m", "4096"], ["-s", "1"], ["-x", "0.001", "0.015"], ["-c", "CCA"], ["-d", "cuda"], ["-g", "smoothlife_single_glider000"], ["-l", "7200"], ["-m", "4096"], ["-s", "1"], ["-x", "0.001", "0.015"], ["-y", "a8f88c459999e23a3fabc8c8ffa3f27b4173a13b", "101"], ["--gain_limits", "0.30"], ["-c", "CCA"], ["-d", "cuda"], ["-g", "smoothlife_single_glider000"], ["-l", "7200"], ["-m", "4096"], ["-s", "1"], ["-x", "0.001", "0.015"], ["-y", "a8f88c459999e23a3fabc8c8ffa3f27b4173a13b", "101"], ["--gain_limits", "0.30"], ["-c", "CCA"], ["-d", "cuda"], ["-g", "smoothlife_single_glider000"], ["-k", "1"], ["-l", "7200"], ["-m", "4096"], ["-s", "1"], ["-x", "0.001", "0.015"], ["-y", "a8f88c459999e23a3fabc8c8ffa3f27b4173a13b", "101"], ["--gain_limits", "0.30"], ["-c", "CCA"], ["-d", "cuda"], ["-g", "smoothlife_single_glider000"], ["-k", "1"], ["-l", "7200"], ["-m", "4096"], ["-s", "1"], ["-x", "0.001", "0.015"], ["-y", "a8f88c459999e23a3fabc8c8ffa3f27b4173a13b", "101"]], "git_hash": "53809de1ced462f4b6bc517e388f5ec116c43901\n", "simulator_hash": "a8f88c459999e23a3fabc8c8ffa3f27b4173a13b", "time_limit": 7200, "random_seed": 42, "system_type": "CCA", "epsilon": 0.8, "device": "cuda", "max_dt": 1.0, "min_dt": 0.001, "max_dx": 0.015, "min_dx": 0.001, "max_kr": 101, "min_kr": 1, "max_scale_dt": 0.25, "min_scale_dt": 0.02, "max_scale_kr": 25.25, "min_scale_kr": 1, "numerical_precision": [16, 32, 64], "glider_pattern": "smoothlife_single_glider000", "max_steps": 4096, "wall_time": 7203.684547424316, "results_file": "results/exp_bf68cdea_51eb_48ef_a6f7_7b210a26ed58_CCA_smoothlife_single_glider000/results_smoothlife_single_glider000.npy"}