{"entry_point": ["walk.py", ["-l", "14400", "neurosynorbium000", "neurorbium000", "neurowobble_glider000"], ["-c", "NCA"], ["-l", "14400", "neurosynorbium000", "neurorbium000", "neurowobble_glider000"], ["-c", "NCA"], ["-g", "neurosingle_glider000"], ["-l", "14400", "neurosynorbium000", "neurorbium000", "neurowobble_glider000"], ["-c", "NCA"], ["-g", "neurosingle_glider000"], ["-l", "14400", "neurosynorbium000", "neurorbium000", "neurowobble_glider000"], ["-c", "NCA"], ["-g", "neurosingle_glider000"], ["-l", "14400", "neurosynorbium000", "neurorbium000", "neurowobble_glider000"], ["-c", "NCA"], ["-g", "neurosingle_glider000"], ["-l", "14400", "neurosynorbium000", "neurorbium000", "neurowobble_glider000"], ["-c", "NCA"], ["-g", "neurosingle_glider000"], ["-l", "14400", "neurosynorbium000", "neurorbium000", "neurowobble_glider000"], ["-s", "1"], ["-c", "NCA"], ["-g", "neurosingle_glider000"], ["-l", "14400", "neurosynorbium000", "neurorbium000", "neurowobble_glider000"], ["-m", "4096"], ["-s", "1"], ["-c", "NCA"], ["-d", "cuda"], ["-g", "neurosingle_glider000"], ["-l", "14400", "neurosynorbium000", "neurorbium000", "neurowobble_glider000"], ["-m", "4096"], ["-s", "1"], ["-c", "NCA"], ["-d", "cuda"], ["-g", "neurosingle_glider000"], ["-l", "14400", "neurosynorbium000", "neurorbium000", "neurowobble_glider000"], ["-m", "4096"], ["-s", "1"], ["-x", "0.001", "0.015"], ["-c", "NCA"], ["-d", "cuda"], ["-g", "neurosingle_glider000"], ["-l", "14400", "neurosynorbium000", "neurorbium000", "neurowobble_glider000"], ["-m", "4096"], ["-s", "1"], ["-x", "0.001", "0.015"], ["-c", "NCA"], ["-d", "cuda"], ["-g", "neurosingle_glider000"], ["-l", "14400", "neurosynorbium000", "neurorbium000", "neurowobble_glider000"], ["-m", "4096"], ["-s", "1"], ["-x", "0.001", "0.015"], ["-y", "a8f88c459999e23a3fabc8c8ffa3f27b4173a13b", "101"], ["--gain_limits", "0.30"], ["-c", "NCA"], ["-d", "cuda"], ["-g", "neurosingle_glider000"], ["-l", "14400", "neurosynorbium000", "neurorbium000", "neurowobble_glider000"], ["-m", "4096"], ["-s", "1"], ["-x", "0.001", "0.015"], ["-y", "a8f88c459999e23a3fabc8c8ffa3f27b4173a13b", "101"], ["--gain_limits", "0.30"], ["-c", "NCA"], ["-d", "cuda"], ["-g", "neurosingle_glider000"], ["-k", "1"], ["-l", "14400", "neurosynorbium000", "neurorbium000", "neurowobble_glider000"], ["-m", "4096"], ["-s", "1"], ["-x", "0.001", "0.015"], ["-y", "a8f88c459999e23a3fabc8c8ffa3f27b4173a13b", "101"], ["--gain_limits", "0.30"], ["-c", "NCA"], ["-d", "cuda"], ["-g", "neurosingle_glider000"], ["-k", "1"], ["-l", "14400", "neurosynorbium000", "neurorbium000", "neurowobble_glider000"], ["-m", "4096"], ["-s", "1"], ["-x", "0.001", "0.015"], ["-y", "a8f88c459999e23a3fabc8c8ffa3f27b4173a13b", "101"]], "git_hash": "53809de1ced462f4b6bc517e388f5ec116c43901\n", "simulator_hash": "a8f88c459999e23a3fabc8c8ffa3f27b4173a13b", "time_limit": 14400, "random_seed": 42, "system_type": "NCA", "epsilon": 0.8, "device": "cuda", "max_dt": 1.0, "min_dt": 0.001, "max_dx": 0.015, "min_dx": 0.001, "max_kr": 101, "min_kr": 1, "max_scale_dt": 0.25, "min_scale_dt": 0.02, "max_scale_kr": 25.25, "min_scale_kr": 1, "numerical_precision": [16, 32, 64], "glider_pattern": "neurosingle_glider000", "max_steps": 4096, "wall_time": 14656.296423196793, "results_file": "results/exp_29c036a5_1871_44b0_bb42_371aceee53c7_NCA_neurosingle_glider000/results_neurosingle_glider000.npy"}