{"entry_point": ["walk.py", ["-l", "7200"], ["-c", "NCA"], ["-l", "7200"], ["-c", "NCA"], ["-g", "neuroreflex_glider000"], ["-l", "7200"], ["-c", "NCA"], ["-g", "neuroreflex_glider000"], ["-l", "7200"], ["-s", "0", "31"], ["-c", "NCA"], ["-g", "neuroreflex_glider000"], ["-l", "7200"], ["-m", "1024"], ["-s", "0", "31"], ["-c", "NCA"], ["-d", "cuda"], ["-g", "neuroreflex_glider000"], ["-l", "7200"], ["-m", "1024"], ["-s", "0", "31"], ["-c", "NCA"], ["-d", "cuda"], ["-g", "neuroreflex_glider000"], ["-k", "1"], ["-l", "7200"], ["-m", "1024"], ["-s", "0", "31"], ["-c", "NCA"], ["-d", "cuda"], ["-g", "neuroreflex_glider000"], ["-k", "1"], ["-l", "7200"], ["-m", "1024"], ["-s", "0", "31"]], "git_hash": "283b6c86d399f94f6be07b12183bd23349806863\n", "time_limit": 7200, "random_seed": 42, "system_type": "NCA", "epsilon": 0.8, "device": "cuda", "max_dt": 1.0, "min_dt": 0.001, "max_kr": 31, "min_kr": 1, "max_scale_dt": 0.25, "min_scale_dt": 0.001, "max_scale_kr": 7.75, "min_scale_kr": 1, "numerical_precision": [16, 32, 64], "glider_pattern": "neuroreflex_glider000", "max_steps": 1024, "wall_time": 7202.888305187225, "results_file": "results/exp_1688136149309/results_neuroreflex_glider000.npy"}